Workbook
Name NativeTimeline_Join_Date__Date: #N/A
Name Slicer_Region: #N/A

Sheet Sheet1 - Dataset
A1: Employee ID | B1: Name | C1: Department | D1: Grade | E1: Join Date | F1: Exit Date | G1: Monthly Pay | H1: Region | J1: Department Heads | M1: Leave Quota by Grade
A2: E101 | B2: priya sharma | C2: Engineering | D2: G3 | E2: 2023-01-15 | G2: 68000 | H2: North | J2: Department | K2: Head Name | M2: Grade | N2: G1 | O2: G2 | P2: G3 | Q2: G4
A3: E102 | B3: ARJUN mehta | C3: Sales | D3: G2 | E3: 2023-03-01 | F3: 2024-06-30 | G3: 45000 | H3: South | J3: Engineering | K3: Rahul Nair | M3: Quota (days) | N3: 12 | O3: 15 | P3: 18 | Q3: 22
A4: E103 | B4: Kavya Reddy | C4: Engineering | D4: G2 | E4: 2023-04-10 | G4: 52000 | H4: South | J4: Sales | K4: Anita Desai
A5: E104 | B5: rohit Verma | C5: Support | D5: G1 | E5: 2023-05-20 | G5: 32000 | H5: South | J5: Support | K5: Vikas Menon
A6: E105 | B6: Sneha Iyer | C6: Marketing | D6: G3 | E6: 2023-06-01 | G6: 61000 | H6: North | J6: Marketing | K6: Sunita Rao
A7: E106 | B7: Vikram Singh | C7: Sales | D7: G4 | E7: 2022-11-11 | G7: 89000 | H7: South
A8: E107 | B8: Ananya Nair | C8: Engineering | D8: G4 | E8: 2022-08-15 | G8: 95000 | H8: North
A9: E108 | B9: Karthik Rao | C9: Support | D9: G2 | E9: 2023-07-01 | F9: 2024-09-15 | G9: 48000 | H9: South
A10: E109 | B10: Divya Menon | C10: Marketing | D10: G1 | E10: 2023-08-12 | G10: 30000 | H10: North
A11: E110 | B11: Aditya Kapoor | C11: Sales | D11: G3 | E11: 2023-02-05 | G11: 64000 | H11: North
A12: E111 | B12: Meera Pillai | C12: Engineering | D12: G1 | E12: 2023-09-01 | G12: 31000 | H12: North
A13: E112 | B13: Rahul Joshi | C13: Support | D13: G3 | E13: 2022-12-01 | G13: 62000 | H13: North
A14: E113 | B14: Isha Desai | C14: Marketing | D14: G2 | E14: 2023-10-15 | G14: 50000 | H14: South
A15: E114 | B15: Nikhil Bhatt | C15: Engineering | D15: G2 | E15: 2023-11-01 | F15: 2024-12-01 | G15: 53000 | H15: North
A16: E115 | B16: Pooja Agarwal | C16: Sales | D16: G1 | E16: 2024-01-10 | G16: 33000 | H16: South
A17: E116 | B17: Sanjay Kulkarni | C17: Support | D17: G4 | E17: 2022-06-01 | G17: 91000 | H17: South
A18: E117 | B18: Tanvi Chopra | C18: Marketing | D18: G4 | E18: 2022-09-20 | G18: 93000 | H18: North
A19: E118 | B19: Manoj Pandey | C19: Engineering | D19: G3 | E19: 2023-03-25 | G19: 66000 | H19: South

Sheet Sheet2 - Q1 Answer
A1: Q1. Clean the Name column with TRIM and PROPER, and convert the range into a formal Excel Table.
A3: Employee ID | B3: Name (Cleaned) | C3: Department | D3: Grade | E3: Join Date | F3: Exit Date | G3: Monthly Pay | H3: Region | I3: Status | J3: Join Date (Date)
A4: ='Sheet1 - Dataset'!A2 -> E101 | B4: =PROPER(TRIM('Sheet1 - Dataset'!B2)) -> Priya Sharma | C4: ='Sheet1 - Dataset'!C2 -> Engineering | D4: ='Sheet1 - Dataset'!D2 -> G3 | E4: ='Sheet1 - Dataset'!E2 -> 2023-01-15 | F4: =IF('Sheet1 - Dataset'!F2="","",'Sheet1 - Dataset'!F2) | G4: ='Sheet1 - Dataset'!G2 -> 68000 | H4: ='Sheet1 - Dataset'!H2 -> North | I4: =IF(F4="","Active","Exited") -> Active | J4: =DATEVALUE(E4) -> 44941
A5: ='Sheet1 - Dataset'!A3 -> E102 | B5: =PROPER(TRIM('Sheet1 - Dataset'!B3)) -> Arjun Mehta | C5: ='Sheet1 - Dataset'!C3 -> Sales | D5: ='Sheet1 - Dataset'!D3 -> G2 | E5: ='Sheet1 - Dataset'!E3 -> 2023-03-01 | F5: =IF('Sheet1 - Dataset'!F3="","",'Sheet1 - Dataset'!F3) -> 2024-06-30 | G5: ='Sheet1 - Dataset'!G3 -> 45000 | H5: ='Sheet1 - Dataset'!H3 -> South | I5: =IF(F5="","Active","Exited") -> Exited | J5: =DATEVALUE(E5) -> 44986
A6: ='Sheet1 - Dataset'!A4 -> E103 | B6: =PROPER(TRIM('Sheet1 - Dataset'!B4)) -> Kavya Reddy | C6: ='Sheet1 - Dataset'!C4 -> Engineering | D6: ='Sheet1 - Dataset'!D4 -> G2 | E6: ='Sheet1 - Dataset'!E4 -> 2023-04-10 | F6: =IF('Sheet1 - Dataset'!F4="","",'Sheet1 - Dataset'!F4) | G6: ='Sheet1 - Dataset'!G4 -> 52000 | H6: ='Sheet1 - Dataset'!H4 -> South | I6: =IF(F6="","Active","Exited") -> Active | J6: =DATEVALUE(E6) -> 45026
A7: ='Sheet1 - Dataset'!A5 -> E104 | B7: =PROPER(TRIM('Sheet1 - Dataset'!B5)) -> Rohit Verma | C7: ='Sheet1 - Dataset'!C5 -> Support | D7: ='Sheet1 - Dataset'!D5 -> G1 | E7: ='Sheet1 - Dataset'!E5 -> 2023-05-20 | F7: =IF('Sheet1 - Dataset'!F5="","",'Sheet1 - Dataset'!F5) | G7: ='Sheet1 - Dataset'!G5 -> 32000 | H7: ='Sheet1 - Dataset'!H5 -> South | I7: =IF(F7="","Active","Exited") -> Active | J7: =DATEVALUE(E7) -> 45066
A8: ='Sheet1 - Dataset'!A6 -> E105 | B8: =PROPER(TRIM('Sheet1 - Dataset'!B6)) -> Sneha Iyer | C8: ='Sheet1 - Dataset'!C6 -> Marketing | D8: ='Sheet1 - Dataset'!D6 -> G3 | E8: ='Sheet1 - Dataset'!E6 -> 2023-06-01 | F8: =IF('Sheet1 - Dataset'!F6="","",'Sheet1 - Dataset'!F6) | G8: ='Sheet1 - Dataset'!G6 -> 61000 | H8: ='Sheet1 - Dataset'!H6 -> North | I8: =IF(F8="","Active","Exited") -> Active | J8: =DATEVALUE(E8) -> 45078
A9: ='Sheet1 - Dataset'!A7 -> E106 | B9: =PROPER(TRIM('Sheet1 - Dataset'!B7)) -> Vikram Singh | C9: ='Sheet1 - Dataset'!C7 -> Sales | D9: ='Sheet1 - Dataset'!D7 -> G4 | E9: ='Sheet1 - Dataset'!E7 -> 2022-11-11 | F9: =IF('Sheet1 - Dataset'!F7="","",'Sheet1 - Dataset'!F7) | G9: ='Sheet1 - Dataset'!G7 -> 89000 | H9: ='Sheet1 - Dataset'!H7 -> South | I9: =IF(F9="","Active","Exited") -> Active | J9: =DATEVALUE(E9) -> 44876
A10: ='Sheet1 - Dataset'!A8 -> E107 | B10: =PROPER(TRIM('Sheet1 - Dataset'!B8)) -> Ananya Nair | C10: ='Sheet1 - Dataset'!C8 -> Engineering | D10: ='Sheet1 - Dataset'!D8 -> G4 | E10: ='Sheet1 - Dataset'!E8 -> 2022-08-15 | F10: =IF('Sheet1 - Dataset'!F8="","",'Sheet1 - Dataset'!F8) | G10: ='Sheet1 - Dataset'!G8 -> 95000 | H10: ='Sheet1 - Dataset'!H8 -> North | I10: =IF(F10="","Active","Exited") -> Active | J10: =DATEVALUE(E10) -> 44788
A11: ='Sheet1 - Dataset'!A9 -> E108 | B11: =PROPER(TRIM('Sheet1 - Dataset'!B9)) -> Karthik Rao | C11: ='Sheet1 - Dataset'!C9 -> Support | D11: ='Sheet1 - Dataset'!D9 -> G2 | E11: ='Sheet1 - Dataset'!E9 -> 2023-07-01 | F11: =IF('Sheet1 - Dataset'!F9="","",'Sheet1 - Dataset'!F9) -> 2024-09-15 | G11: ='Sheet1 - Dataset'!G9 -> 48000 | H11: ='Sheet1 - Dataset'!H9 -> South | I11: =IF(F11="","Active","Exited") -> Exited | J11: =DATEVALUE(E11) -> 45108
A12: ='Sheet1 - Dataset'!A10 -> E109 | B12: =PROPER(TRIM('Sheet1 - Dataset'!B10)) -> Divya Menon | C12: ='Sheet1 - Dataset'!C10 -> Marketing | D12: ='Sheet1 - Dataset'!D10 -> G1 | E12: ='Sheet1 - Dataset'!E10 -> 2023-08-12 | F12: =IF('Sheet1 - Dataset'!F10="","",'Sheet1 - Dataset'!F10) | G12: ='Sheet1 - Dataset'!G10 -> 30000 | H12: ='Sheet1 - Dataset'!H10 -> North | I12: =IF(F12="","Active","Exited") -> Active | J12: =DATEVALUE(E12) -> 45150
A13: ='Sheet1 - Dataset'!A11 -> E110 | B13: =PROPER(TRIM('Sheet1 - Dataset'!B11)) -> Aditya Kapoor | C13: ='Sheet1 - Dataset'!C11 -> Sales | D13: ='Sheet1 - Dataset'!D11 -> G3 | E13: ='Sheet1 - Dataset'!E11 -> 2023-02-05 | F13: =IF('Sheet1 - Dataset'!F11="","",'Sheet1 - Dataset'!F11) | G13: ='Sheet1 - Dataset'!G11 -> 64000 | H13: ='Sheet1 - Dataset'!H11 -> North | I13: =IF(F13="","Active","Exited") -> Active | J13: =DATEVALUE(E13) -> 44962
A14: ='Sheet1 - Dataset'!A12 -> E111 | B14: =PROPER(TRIM('Sheet1 - Dataset'!B12)) -> Meera Pillai | C14: ='Sheet1 - Dataset'!C12 -> Engineering | D14: ='Sheet1 - Dataset'!D12 -> G1 | E14: ='Sheet1 - Dataset'!E12 -> 2023-09-01 | F14: =IF('Sheet1 - Dataset'!F12="","",'Sheet1 - Dataset'!F12) | G14: ='Sheet1 - Dataset'!G12 -> 31000 | H14: ='Sheet1 - Dataset'!H12 -> North | I14: =IF(F14="","Active","Exited") -> Active | J14: =DATEVALUE(E14) -> 45170
A15: ='Sheet1 - Dataset'!A13 -> E112 | B15: =PROPER(TRIM('Sheet1 - Dataset'!B13)) -> Rahul Joshi | C15: ='Sheet1 - Dataset'!C13 -> Support | D15: ='Sheet1 - Dataset'!D13 -> G3 | E15: ='Sheet1 - Dataset'!E13 -> 2022-12-01 | F15: =IF('Sheet1 - Dataset'!F13="","",'Sheet1 - Dataset'!F13) | G15: ='Sheet1 - Dataset'!G13 -> 62000 | H15: ='Sheet1 - Dataset'!H13 -> North | I15: =IF(F15="","Active","Exited") -> Active | J15: =DATEVALUE(E15) -> 44896
... A21: ='Sheet1 - Dataset'!A19 -> E118 | B21: =PROPER(TRIM('Sheet1 - Dataset'!B19)) -> Manoj Pandey | C21: ='Sheet1 - Dataset'!C19 -> Engineering | D21: ='Sheet1 - Dataset'!D19 -> G3 | E21: ='Sheet1 - Dataset'!E19 -> 2023-03-25 | F21: =IF('Sheet1 - Dataset'!F19="","",'Sheet1 - Dataset'!F19) | G21: ='Sheet1 - Dataset'!G19 -> 66000 | H21: ='Sheet1 - Dataset'!H19 -> South | I21: =IF(F21="","Active","Exited") -> Active | J21: =DATEVALUE(E21) -> 45010

Sheet Sheet3 - Q2 Answer
A1: Q2. Flag Active or Exited using IF, assign a Pay Band using nested IF, then answer with COUNTIFS: how many active employees are in Engineering in the North region?
A3: Employee ID | B3: Name | C3: Department | D3: Region | E3: Monthly Pay | F3: Status (IF) | G3: Pay Band (Nested IF) | J3: COUNTIFS Answer
A4: ='Sheet2 - Q1 Answer'!A4 -> E101 | B4: =PROPER(TRIM('Sheet1 - Dataset'!B2)) -> Priya Sharma | C4: ='Sheet2 - Q1 Answer'!C4 -> Engineering | D4: ='Sheet2 - Q1 Answer'!H4 -> North | E4: ='Sheet2 - Q1 Answer'!G4 -> 68000 | F4: =IF('Sheet2 - Q1 Answer'!F4="","Active","Exited") -> Active | G4: =IF(E4>=80000,"High",IF(E4>=50000,"Mid","Low")) -> Mid
A5: ='Sheet2 - Q1 Answer'!A5 -> E102 | B5: =PROPER(TRIM('Sheet1 - Dataset'!B3)) -> Arjun Mehta | C5: ='Sheet2 - Q1 Answer'!C5 -> Sales | D5: ='Sheet2 - Q1 Answer'!H5 -> South | E5: ='Sheet2 - Q1 Answer'!G5 -> 45000 | F5: =IF('Sheet2 - Q1 Answer'!F5="","Active","Exited") -> Exited | G5: =IF(E5>=80000,"High",IF(E5>=50000,"Mid","Low")) -> Low | J5: Active employees, Engineering, North region: | K5: =COUNTIFS(C4:C21,"Engineering",D4:D21,"North",F4:F21,"Active") -> 3
A6: ='Sheet2 - Q1 Answer'!A6 -> E103 | B6: =PROPER(TRIM('Sheet1 - Dataset'!B4)) -> Kavya Reddy | C6: ='Sheet2 - Q1 Answer'!C6 -> Engineering | D6: ='Sheet2 - Q1 Answer'!H6 -> South | E6: ='Sheet2 - Q1 Answer'!G6 -> 52000 | F6: =IF('Sheet2 - Q1 Answer'!F6="","Active","Exited") -> Active | G6: =IF(E6>=80000,"High",IF(E6>=50000,"Mid","Low")) -> Mid
A7: ='Sheet2 - Q1 Answer'!A7 -> E104 | B7: =PROPER(TRIM('Sheet1 - Dataset'!B5)) -> Rohit Verma | C7: ='Sheet2 - Q1 Answer'!C7 -> Support | D7: ='Sheet2 - Q1 Answer'!H7 -> South | E7: ='Sheet2 - Q1 Answer'!G7 -> 32000 | F7: =IF('Sheet2 - Q1 Answer'!F7="","Active","Exited") -> Active | G7: =IF(E7>=80000,"High",IF(E7>=50000,"Mid","Low")) -> Low
A8: ='Sheet2 - Q1 Answer'!A8 -> E105 | B8: =PROPER(TRIM('Sheet1 - Dataset'!B6)) -> Sneha Iyer | C8: ='Sheet2 - Q1 Answer'!C8 -> Marketing | D8: ='Sheet2 - Q1 Answer'!H8 -> North | E8: ='Sheet2 - Q1 Answer'!G8 -> 61000 | F8: =IF('Sheet2 - Q1 Answer'!F8="","Active","Exited") -> Active | G8: =IF(E8>=80000,"High",IF(E8>=50000,"Mid","Low")) -> Mid
A9: ='Sheet2 - Q1 Answer'!A9 -> E106 | B9: =PROPER(TRIM('Sheet1 - Dataset'!B7)) -> Vikram Singh | C9: ='Sheet2 - Q1 Answer'!C9 -> Sales | D9: ='Sheet2 - Q1 Answer'!H9 -> South | E9: ='Sheet2 - Q1 Answer'!G9 -> 89000 | F9: =IF('Sheet2 - Q1 Answer'!F9="","Active","Exited") -> Active | G9: =IF(E9>=80000,"High",IF(E9>=50000,"Mid","Low")) -> High
A10: ='Sheet2 - Q1 Answer'!A10 -> E107 | B10: =PROPER(TRIM('Sheet1 - Dataset'!B8)) -> Ananya Nair | C10: ='Sheet2 - Q1 Answer'!C10 -> Engineering | D10: ='Sheet2 - Q1 Answer'!H10 -> North | E10: ='Sheet2 - Q1 Answer'!G10 -> 95000 | F10: =IF('Sheet2 - Q1 Answer'!F10="","Active","Exited") -> Active | G10: =IF(E10>=80000,"High",IF(E10>=50000,"Mid","Low")) -> High
A11: ='Sheet2 - Q1 Answer'!A11 -> E108 | B11: =PROPER(TRIM('Sheet1 - Dataset'!B9)) -> Karthik Rao | C11: ='Sheet2 - Q1 Answer'!C11 -> Support | D11: ='Sheet2 - Q1 Answer'!H11 -> South | E11: ='Sheet2 - Q1 Answer'!G11 -> 48000 | F11: =IF('Sheet2 - Q1 Answer'!F11="","Active","Exited") -> Exited | G11: =IF(E11>=80000,"High",IF(E11>=50000,"Mid","Low")) -> Low
A12: ='Sheet2 - Q1 Answer'!A12 -> E109 | B12: =PROPER(TRIM('Sheet1 - Dataset'!B10)) -> Divya Menon | C12: ='Sheet2 - Q1 Answer'!C12 -> Marketing | D12: ='Sheet2 - Q1 Answer'!H12 -> North | E12: ='Sheet2 - Q1 Answer'!G12 -> 30000 | F12: =IF('Sheet2 - Q1 Answer'!F12="","Active","Exited") -> Active | G12: =IF(E12>=80000,"High",IF(E12>=50000,"Mid","Low")) -> Low
A13: ='Sheet2 - Q1 Answer'!A13 -> E110 | B13: =PROPER(TRIM('Sheet1 - Dataset'!B11)) -> Aditya Kapoor | C13: ='Sheet2 - Q1 Answer'!C13 -> Sales | D13: ='Sheet2 - Q1 Answer'!H13 -> North | E13: ='Sheet2 - Q1 Answer'!G13 -> 64000 | F13: =IF('Sheet2 - Q1 Answer'!F13="","Active","Exited") -> Active | G13: =IF(E13>=80000,"High",IF(E13>=50000,"Mid","Low")) -> Mid
A14: ='Sheet2 - Q1 Answer'!A14 -> E111 | B14: =PROPER(TRIM('Sheet1 - Dataset'!B12)) -> Meera Pillai | C14: ='Sheet2 - Q1 Answer'!C14 -> Engineering | D14: ='Sheet2 - Q1 Answer'!H14 -> North | E14: ='Sheet2 - Q1 Answer'!G14 -> 31000 | F14: =IF('Sheet2 - Q1 Answer'!F14="","Active","Exited") -> Active | G14: =IF(E14>=80000,"High",IF(E14>=50000,"Mid","Low")) -> Low
A15: ='Sheet2 - Q1 Answer'!A15 -> E112 | B15: =PROPER(TRIM('Sheet1 - Dataset'!B13)) -> Rahul Joshi | C15: ='Sheet2 - Q1 Answer'!C15 -> Support | D15: ='Sheet2 - Q1 Answer'!H15 -> North | E15: ='Sheet2 - Q1 Answer'!G15 -> 62000 | F15: =IF('Sheet2 - Q1 Answer'!F15="","Active","Exited") -> Active | G15: =IF(E15>=80000,"High",IF(E15>=50000,"Mid","Low")) -> Mid
A16: ='Sheet2 - Q1 Answer'!A16 -> E113 | B16: =PROPER(TRIM('Sheet1 - Dataset'!B14)) -> Isha Desai | C16: ='Sheet2 - Q1 Answer'!C16 -> Marketing | D16: ='Sheet2 - Q1 Answer'!H16 -> South | E16: ='Sheet2 - Q1 Answer'!G16 -> 50000 | F16: =IF('Sheet2 - Q1 Answer'!F16="","Active","Exited") -> Active | G16: =IF(E16>=80000,"High",IF(E16>=50000,"Mid","Low")) -> Mid
A17: ='Sheet2 - Q1 Answer'!A17 -> E114 | B17: =PROPER(TRIM('Sheet1 - Dataset'!B15)) -> Nikhil Bhatt | C17: ='Sheet2 - Q1 Answer'!C17 -> Engineering | D17: ='Sheet2 - Q1 Answer'!H17 -> North | E17: ='Sheet2 - Q1 Answer'!G17 -> 53000 | F17: =IF('Sheet2 - Q1 Answer'!F17="","Active","Exited") -> Exited | G17: =IF(E17>=80000,"High",IF(E17>=50000,"Mid","Low")) -> Mid
... A21: ='Sheet2 - Q1 Answer'!A21 -> E118 | B21: =PROPER(TRIM('Sheet1 - Dataset'!B19)) -> Manoj Pandey | C21: ='Sheet2 - Q1 Answer'!C21 -> Engineering | D21: ='Sheet2 - Q1 Answer'!H21 -> South | E21: ='Sheet2 - Q1 Answer'!G21 -> 66000 | F21: =IF('Sheet2 - Q1 Answer'!F21="","Active","Exited") -> Active | G21: =IF(E21>=80000,"High",IF(E21>=50000,"Mid","Low")) -> Mid

Sheet Sheet4 - Q3 Answer
A1: Q3. VLOOKUP each employee's Department Head (wrapped in IFERROR), and HLOOKUP their Leave Quota (wrapped in IFNA).
A3: Employee ID | B3: Name | C3: Department | D3: Grade | E3: Department Head (VLOOKUP+IFERROR) | F3: Leave Quota (HLOOKUP+IFNA)
A4: ='Sheet2 - Q1 Answer'!A4 -> E101 | B4: =PROPER(TRIM('Sheet1 - Dataset'!B2)) -> Priya Sharma | C4: ='Sheet2 - Q1 Answer'!C4 -> Engineering | D4: ='Sheet2 - Q1 Answer'!D4 -> G3 | E4: =IFERROR(VLOOKUP(C4,'Sheet1 - Dataset'!$J$3:$K$6,2,FALSE),"Not found") -> Rahul Nair | F4: =_xlfn.IFNA(HLOOKUP(D4,'Sheet1 - Dataset'!$M$2:$Q$3,2,FALSE),"No quota") -> 18
A5: ='Sheet2 - Q1 Answer'!A5 -> E102 | B5: =PROPER(TRIM('Sheet1 - Dataset'!B3)) -> Arjun Mehta | C5: ='Sheet2 - Q1 Answer'!C5 -> Sales | D5: ='Sheet2 - Q1 Answer'!D5 -> G2 | E5: =IFERROR(VLOOKUP(C5,'Sheet1 - Dataset'!$J$3:$K$6,2,FALSE),"Not found") -> Anita Desai | F5: =_xlfn.IFNA(HLOOKUP(D5,'Sheet1 - Dataset'!$M$2:$Q$3,2,FALSE),"No quota") -> 15
A6: ='Sheet2 - Q1 Answer'!A6 -> E103 | B6: =PROPER(TRIM('Sheet1 - Dataset'!B4)) -> Kavya Reddy | C6: ='Sheet2 - Q1 Answer'!C6 -> Engineering | D6: ='Sheet2 - Q1 Answer'!D6 -> G2 | E6: =IFERROR(VLOOKUP(C6,'Sheet1 - Dataset'!$J$3:$K$6,2,FALSE),"Not found") -> Rahul Nair | F6: =_xlfn.IFNA(HLOOKUP(D6,'Sheet1 - Dataset'!$M$2:$Q$3,2,FALSE),"No quota") -> 15
A7: ='Sheet2 - Q1 Answer'!A7 -> E104 | B7: =PROPER(TRIM('Sheet1 - Dataset'!B5)) -> Rohit Verma | C7: ='Sheet2 - Q1 Answer'!C7 -> Support | D7: ='Sheet2 - Q1 Answer'!D7 -> G1 | E7: =IFERROR(VLOOKUP(C7,'Sheet1 - Dataset'!$J$3:$K$6,2,FALSE),"Not found") -> Vikas Menon | F7: =_xlfn.IFNA(HLOOKUP(D7,'Sheet1 - Dataset'!$M$2:$Q$3,2,FALSE),"No quota") -> 12
A8: ='Sheet2 - Q1 Answer'!A8 -> E105 | B8: =PROPER(TRIM('Sheet1 - Dataset'!B6)) -> Sneha Iyer | C8: ='Sheet2 - Q1 Answer'!C8 -> Marketing | D8: ='Sheet2 - Q1 Answer'!D8 -> G3 | E8: =IFERROR(VLOOKUP(C8,'Sheet1 - Dataset'!$J$3:$K$6,2,FALSE),"Not found") -> Sunita Rao | F8: =_xlfn.IFNA(HLOOKUP(D8,'Sheet1 - Dataset'!$M$2:$Q$3,2,FALSE),"No quota") -> 18
A9: ='Sheet2 - Q1 Answer'!A9 -> E106 | B9: =PROPER(TRIM('Sheet1 - Dataset'!B7)) -> Vikram Singh | C9: ='Sheet2 - Q1 Answer'!C9 -> Sales | D9: ='Sheet2 - Q1 Answer'!D9 -> G4 | E9: =IFERROR(VLOOKUP(C9,'Sheet1 - Dataset'!$J$3:$K$6,2,FALSE),"Not found") -> Anita Desai | F9: =_xlfn.IFNA(HLOOKUP(D9,'Sheet1 - Dataset'!$M$2:$Q$3,2,FALSE),"No quota") -> 22
A10: ='Sheet2 - Q1 Answer'!A10 -> E107 | B10: =PROPER(TRIM('Sheet1 - Dataset'!B8)) -> Ananya Nair | C10: ='Sheet2 - Q1 Answer'!C10 -> Engineering | D10: ='Sheet2 - Q1 Answer'!D10 -> G4 | E10: =IFERROR(VLOOKUP(C10,'Sheet1 - Dataset'!$J$3:$K$6,2,FALSE),"Not found") -> Rahul Nair | F10: =_xlfn.IFNA(HLOOKUP(D10,'Sheet1 - Dataset'!$M$2:$Q$3,2,FALSE),"No quota") -> 22
A11: ='Sheet2 - Q1 Answer'!A11 -> E108 | B11: =PROPER(TRIM('Sheet1 - Dataset'!B9)) -> Karthik Rao | C11: ='Sheet2 - Q1 Answer'!C11 -> Support | D11: ='Sheet2 - Q1 Answer'!D11 -> G2 | E11: =IFERROR(VLOOKUP(C11,'Sheet1 - Dataset'!$J$3:$K$6,2,FALSE),"Not found") -> Vikas Menon | F11: =_xlfn.IFNA(HLOOKUP(D11,'Sheet1 - Dataset'!$M$2:$Q$3,2,FALSE),"No quota") -> 15
A12: ='Sheet2 - Q1 Answer'!A12 -> E109 | B12: =PROPER(TRIM('Sheet1 - Dataset'!B10)) -> Divya Menon | C12: ='Sheet2 - Q1 Answer'!C12 -> Marketing | D12: ='Sheet2 - Q1 Answer'!D12 -> G1 | E12: =IFERROR(VLOOKUP(C12,'Sheet1 - Dataset'!$J$3:$K$6,2,FALSE),"Not found") -> Sunita Rao | F12: =_xlfn.IFNA(HLOOKUP(D12,'Sheet1 - Dataset'!$M$2:$Q$3,2,FALSE),"No quota") -> 12
A13: ='Sheet2 - Q1 Answer'!A13 -> E110 | B13: =PROPER(TRIM('Sheet1 - Dataset'!B11)) -> Aditya Kapoor | C13: ='Sheet2 - Q1 Answer'!C13 -> Sales | D13: ='Sheet2 - Q1 Answer'!D13 -> G3 | E13: =IFERROR(VLOOKUP(C13,'Sheet1 - Dataset'!$J$3:$K$6,2,FALSE),"Not found") -> Anita Desai | F13: =_xlfn.IFNA(HLOOKUP(D13,'Sheet1 - Dataset'!$M$2:$Q$3,2,FALSE),"No quota") -> 18
A14: ='Sheet2 - Q1 Answer'!A14 -> E111 | B14: =PROPER(TRIM('Sheet1 - Dataset'!B12)) -> Meera Pillai | C14: ='Sheet2 - Q1 Answer'!C14 -> Engineering | D14: ='Sheet2 - Q1 Answer'!D14 -> G1 | E14: =IFERROR(VLOOKUP(C14,'Sheet1 - Dataset'!$J$3:$K$6,2,FALSE),"Not found") -> Rahul Nair | F14: =_xlfn.IFNA(HLOOKUP(D14,'Sheet1 - Dataset'!$M$2:$Q$3,2,FALSE),"No quota") -> 12
A15: ='Sheet2 - Q1 Answer'!A15 -> E112 | B15: =PROPER(TRIM('Sheet1 - Dataset'!B13)) -> Rahul Joshi | C15: ='Sheet2 - Q1 Answer'!C15 -> Support | D15: ='Sheet2 - Q1 Answer'!D15 -> G3 | E15: =IFERROR(VLOOKUP(C15,'Sheet1 - Dataset'!$J$3:$K$6,2,FALSE),"Not found") -> Vikas Menon | F15: =_xlfn.IFNA(HLOOKUP(D15,'Sheet1 - Dataset'!$M$2:$Q$3,2,FALSE),"No quota") -> 18
... A21: ='Sheet2 - Q1 Answer'!A21 -> E118 | B21: =PROPER(TRIM('Sheet1 - Dataset'!B19)) -> Manoj Pandey | C21: ='Sheet2 - Q1 Answer'!C21 -> Engineering | D21: ='Sheet2 - Q1 Answer'!D21 -> G3 | E21: =IFERROR(VLOOKUP(C21,'Sheet1 - Dataset'!$J$3:$K$6,2,FALSE),"Not found") -> Rahul Nair | F21: =_xlfn.IFNA(HLOOKUP(D21,'Sheet1 - Dataset'!$M$2:$Q$3,2,FALSE),"No quota") -> 18

Sheet Sheet5 - Q4 Answer
A1: Q4. Build a two way lookup with INDEX and MATCH that returns active headcount for any Department and Region typed in.
A3: Active Headcount Grid (source for the lookup)
A4: Department | B4: North | C4: South
A5: Engineering | B5: 3 | C5: 2
A6: Marketing | B6: 3 | C6: 1
A7: Sales | B7: 1 | C7: 2
A8: Support | B8: 1 | C8: 2
A11: Try It: Two Way Lookup
A13: Type a Department: | B13: Engineering
A14: Type a Region: | B14: North
A15: Result (INDEX and MATCH): | B15: =INDEX($B$5:$C$8,MATCH(B13,$A$5:$A$8,0),MATCH(B14,$B$4:$C$4,0)) -> 3

Sheet Sheet6 - Q5 Answer
A1: Q5. Build a Pivot Table summarizing active headcount and average pay by Department and Region.
A3: Live Pivot Table (right click, Refresh, to confirm it recalculates) | I3: Column Labels
I4: North | K4: South | M4: Total Count of Employee ID | N4: Total Average of Monthly Pay
A5: Filter | H5: Row Labels | I5: Count of Employee ID | J5: Average of Monthly Pay | K5: Count of Employee ID | L5: Average of Monthly Pay
H6: Active | I6: 8 | J6: 63000 | K6: 7 | L6: 59000 | M6: 15 | N6: 61133.333
D7: Region | H7: Engineering | I7: 3 | J7: 64666.667 | K7: 2 | L7: 59000 | M7: 5 | N7: 62400
A8: Status (IF) | B8: Department | C8: Data | D8: North | E8: South | F8: Total Result | H8: Marketing | I8: 3 | J8: 61333.333 | K8: 1 | L8: 50000 | M8: 4 | N8: 58500
A9: Active | H9: Sales | I9: 1 | J9: 64000 | K9: 2 | L9: 61000 | M9: 3 | N9: 62000
B10: Engineering | H10: Support | I10: 1 | J10: 62000 | K10: 2 | L10: 61500 | M10: 3 | N10: 61666.667
C11: Count - Employee ID | D11: 3 | E11: 2 | F11: 5 | H11: Exited | I11: 1 | J11: 53000 | K11: 2 | L11: 46500 | M11: 3 | N11: 48666.667
C12: Average - Monthly Pay | D12: 64666.667 | E12: 59000 | F12: 62400 | H12: Engineering | I12: 1 | J12: 53000 | M12: 1 | N12: 53000
B13: Marketing | H13: Sales | K13: 1 | L13: 45000 | M13: 1 | N13: 45000
C14: Count - Employee ID | D14: 3 | E14: 1 | F14: 4 | H14: Support | K14: 1 | L14: 48000 | M14: 1 | N14: 48000
C15: Average - Monthly Pay | D15: 61333.333 | E15: 50000 | F15: 58500 | H15: Grand Total | I15: 9 | J15: 61888.889 | K15: 9 | L15: 56222.222 | M15: 18 | N15: 59055.556
B16: Sales
C17: Count - Employee ID | D17: 1 | E17: 2 | F17: 3
C18: Average - Monthly Pay | D18: 64000 | E18: 61000 | F18: 62000
B19: Support
C20: Count - Employee ID | D20: 1 | E20: 2 | F20: 3
C21: Average - Monthly Pay | D21: 62000 | E21: 61500 | F21: 61666.667
A22: Exited
B23: Engineering
C24: Count - Employee ID | D24: 1 | F24: 1
C25: Average - Monthly Pay | D25: 53000 | F25: 53000
B26: Sales
C27: Count - Employee ID | E27: 1 | F27: 1
C28: Average - Monthly Pay | E28: 45000 | F28: 45000
B29: Support
C30: Count - Employee ID | E30: 1 | F30: 1
C31: Average - Monthly Pay | E31: 48000 | F31: 48000
A32: Total Count - Employee ID | D32: 9 | E32: 9 | F32: 18
A33: Total Average - Monthly Pay | D33: 61888.889 | E33: 56222.222 | F33: 59055.556

Sheet Sheet7 - Q6 Answer
A1: Q6. Add formulas that pull headcount from your answer sheets, calculate each department's percent of total headcount (Show Values As), and find the pay gap between the highest and lowest paid department.
A3: Fill the block below with independent COUNTIFS and AVERAGEIFS formulas — those are what is marked. Then, if you want the practice, write the same numbers again with GETPIVOTDATA against your Sheet6 pivot and check the two agree. GETPIVOTDATA reads a PivotTable's cached values rather than calculating them, so it is not automatically marked.
A5: Department | B5: Active Headcount | C5: Percent of Total (Show Values As) | D5: Average Pay
A6: Engineering | B6: =COUNTIFS('Sheet3 - Q2 Answer'!$C$4:$C$21,A6,'Sheet3 - Q2 Answer'!$F$4:$F$21,"Active") -> 5 | C6: =B6/SUMPRODUCT($B$6:$B$9) -> 0.33333333 | D6: =AVERAGEIFS('Sheet3 - Q2 Answer'!$E$4:$E$21,'Sheet3 - Q2 Answer'!$C$4:$C$21,A6,'Sheet3 - Q2 Answer'!$F$4:$F$21,"Active") -> 62400
A7: Marketing | B7: =COUNTIFS('Sheet3 - Q2 Answer'!$C$4:$C$21,A7,'Sheet3 - Q2 Answer'!$F$4:$F$21,"Active") -> 4 | C7: =B7/SUMPRODUCT($B$6:$B$9) -> 0.26666667 | D7: =AVERAGEIFS('Sheet3 - Q2 Answer'!$E$4:$E$21,'Sheet3 - Q2 Answer'!$C$4:$C$21,A7,'Sheet3 - Q2 Answer'!$F$4:$F$21,"Active") -> 58500
A8: Sales | B8: =COUNTIFS('Sheet3 - Q2 Answer'!$C$4:$C$21,A8,'Sheet3 - Q2 Answer'!$F$4:$F$21,"Active") -> 3 | C8: =B8/SUMPRODUCT($B$6:$B$9) -> 0.2 | D8: =AVERAGEIFS('Sheet3 - Q2 Answer'!$E$4:$E$21,'Sheet3 - Q2 Answer'!$C$4:$C$21,A8,'Sheet3 - Q2 Answer'!$F$4:$F$21,"Active") -> 62000
A9: Support | B9: =COUNTIFS('Sheet3 - Q2 Answer'!$C$4:$C$21,A9,'Sheet3 - Q2 Answer'!$F$4:$F$21,"Active") -> 3 | C9: =B9/SUMPRODUCT($B$6:$B$9) -> 0.2 | D9: =AVERAGEIFS('Sheet3 - Q2 Answer'!$E$4:$E$21,'Sheet3 - Q2 Answer'!$C$4:$C$21,A9,'Sheet3 - Q2 Answer'!$F$4:$F$21,"Active") -> 61666.667
A11: Pay Gap, Highest Average Department Pay Minus Lowest
A13: Highest average department pay | B13: =MAX(D6:D9) -> 62400
A14: Lowest average department pay | B14: =MIN(D6:D9) -> 58500
A15: Pay gap | B15: =B13-B14 -> 3900

Sheet Sheet8 - Q7 Answer
A1: Q7. Build a chart visualizing headcount by department.
A3: Department | B3: Active Headcount
A4: Engineering | B4: 5
A5: Marketing | B5: 4
A6: Sales | B6: 3
A7: Support | B7: 3

Sheet Sheet9 - Q8 Answer
A1: Q8. Add a Slicer for Region and a Timeline for Join Date to your pivot table, connected so both filter it live.
A3: IMPORTANT, this feature must be built live in Excel
A4: A Slicer and a Timeline are genuine interactive Excel buttons, not something a script can generate inside a file. Click your Sheet6 pivot, then Insert, Slicer, choose Region, and Insert, Timeline, choose Join Date, exactly as taught in Module 7. Once built, clicking North on your Slicer should produce the same headcount shown below.
A9: Expected results once your Slicer is built (verified independently, for you to check against)
A11: Slicer Selection | B11: Active Headcount Shown
A12: Region = North | B12: =COUNTIFS('Sheet3 - Q2 Answer'!$D$4:$D$21,"North",'Sheet3 - Q2 Answer'!$F$4:$F$21,"Active") -> 8
A13: Region = South | B13: =COUNTIFS('Sheet3 - Q2 Answer'!$D$4:$D$21,"South",'Sheet3 - Q2 Answer'!$F$4:$F$21,"Active") -> 7
A14: No filter (all regions) | B14: =COUNTIF('Sheet3 - Q2 Answer'!$F$4:$F$21,"Active") -> 15

Sheet Sheet10 - Q9 Dashboard
A1: Q9. Build an Interactive Dashboard bringing together the pivot, the Slicer and Timeline from Q8, a chart, and key headcount KPIs, and use Goal Seek for the Engineering hiring question.
A3: Total Active Headcount | D3: Total Exited | G3: Attrition Rate | J3: Avg Monthly Pay (Active) | M3: Engineering Headcount
A4: =COUNTIF('Sheet3 - Q2 Answer'!F4:F21,"Active") -> 15 | D4: =COUNTIF('Sheet3 - Q2 Answer'!F4:F21,"Exited") -> 3 | G4: =D4/(A4+D4) -> 0.16666667 | J4: =AVERAGEIFS('Sheet3 - Q2 Answer'!E4:E21,'Sheet3 - Q2 Answer'!F4:F21,"Active") -> 61133.333 | M4: =COUNTIFS('Sheet3 - Q2 Answer'!C4:C21,"Engineering",'Sheet3 - Q2 Answer'!F4:F21,"Active") -> 5
A7: Region | B7: Active Headcount
A8: North | B8: =COUNTIFS('Sheet3 - Q2 Answer'!D4:D21,"North",'Sheet3 - Q2 Answer'!F4:F21,"Active") -> 8
A9: South | B9: =COUNTIFS('Sheet3 - Q2 Answer'!D4:D21,"South",'Sheet3 - Q2 Answer'!F4:F21,"Active") -> 7
A12: Reminder: connect your Slicer and Timeline from Sheet9 to this dashboard's pivot and chart too.
A14: Goal Seek: Engineering Hiring Target
A16: Current Engineering headcount | B16: =M4 -> 5
A17: Target headcount | B17: 8
A18: Additional hires needed | B18: 3
A19: Projected Engineering Headcount | B19: =B16+B18 -> 8
B22: Column Labels
B23: North | D23: South | F23: Total Count of Employee ID | G23: Total Average of Monthly Pay
A24: Row Labels | B24: Count of Employee ID | C24: Average of Monthly Pay | D24: Count of Employee ID | E24: Average of Monthly Pay
A25: Active | B25: 8 | C25: 63000 | D25: 7 | E25: 59000 | F25: 15 | G25: 61133.333
A26: Engineering | B26: 3 | C26: 64666.667 | D26: 2 | E26: 59000 | F26: 5 | G26: 62400
A27: Marketing | B27: 3 | C27: 61333.333 | D27: 1 | E27: 50000 | F27: 4 | G27: 58500
A28: Sales | B28: 1 | C28: 64000 | D28: 2 | E28: 61000 | F28: 3 | G28: 62000
A29: Support | B29: 1 | C29: 62000 | D29: 2 | E29: 61500 | F29: 3 | G29: 61666.667
A30: Exited | B30: 1 | C30: 53000 | D30: 2 | E30: 46500 | F30: 3 | G30: 48666.667
A31: Engineering | B31: 1 | C31: 53000 | F31: 1 | G31: 53000
A32: Sales | D32: 1 | E32: 45000 | F32: 1 | G32: 45000
A33: Support | D33: 1 | E33: 48000 | F33: 1 | G33: 48000
A34: Grand Total | B34: 9 | C34: 61888.889 | D34: 9 | E34: 56222.222 | F34: 18 | G34: 59055.556
